metric,language,layer,refusal_rate,baseline_refusal_rate,drop,n
keyword,chinese,16,0.15,0.9,0.75,20
keyword,chinese,18,0.25,0.9,0.65,20
keyword,chinese,19,0.3,0.9,0.6000000000000001,20
keyword,chinese,20,0.35,0.9,0.55,20
keyword,chinese,21,0.35,0.9,0.55,20
keyword,chinese,17,0.4,0.9,0.5,20
keyword,chinese,15,0.5,0.9,0.4,20
keyword,chinese,22,0.5,0.9,0.4,20
keyword,chinese,23,0.55,0.9,0.35,20
keyword,chinese,14,0.6,0.9,0.30000000000000004,20
keyword,chinese,24,0.65,0.9,0.25,20
keyword,chinese,27,0.8,0.9,0.09999999999999998,20
keyword,chinese,11,0.85,0.9,0.050000000000000044,20
keyword,chinese,12,0.85,0.9,0.050000000000000044,20
keyword,chinese,13,0.85,0.9,0.050000000000000044,20
keyword,chinese,25,0.85,0.9,0.050000000000000044,20
keyword,chinese,26,0.85,0.9,0.050000000000000044,20
keyword,chinese,6,0.85,0.9,0.050000000000000044,20
keyword,chinese,7,0.85,0.9,0.050000000000000044,20
keyword,chinese,1,0.9,0.9,0.0,20
keyword,chinese,10,0.9,0.9,0.0,20
keyword,chinese,2,0.9,0.9,0.0,20
keyword,chinese,28,0.9,0.9,0.0,20
keyword,chinese,3,0.9,0.9,0.0,20
keyword,chinese,4,0.9,0.9,0.0,20
keyword,chinese,5,0.9,0.9,0.0,20
keyword,chinese,8,0.9,0.9,0.0,20
keyword,chinese,9,0.9,0.9,0.0,20
keyword,english,20,0.0,1.0,1.0,20
keyword,english,19,0.05,1.0,0.95,20
keyword,english,22,0.05,1.0,0.95,20
keyword,english,23,0.05,1.0,0.95,20
keyword,english,21,0.1,1.0,0.9,20
keyword,english,24,0.1,1.0,0.9,20
keyword,english,27,0.1,1.0,0.9,20
keyword,english,28,0.1,1.0,0.9,20
keyword,english,18,0.3,1.0,0.7,20
keyword,english,26,0.3,1.0,0.7,20
keyword,english,16,0.5,1.0,0.5,20
keyword,english,25,0.5,1.0,0.5,20
keyword,english,17,0.55,1.0,0.44999999999999996,20
keyword,english,15,0.85,1.0,0.15000000000000002,20
keyword,english,14,0.9,1.0,0.09999999999999998,20
keyword,english,6,0.9,1.0,0.09999999999999998,20
keyword,english,11,0.95,1.0,0.050000000000000044,20
keyword,english,12,0.95,1.0,0.050000000000000044,20
keyword,english,1,1.0,1.0,0.0,20
keyword,english,10,1.0,1.0,0.0,20
keyword,english,13,1.0,1.0,0.0,20
keyword,english,2,1.0,1.0,0.0,20
keyword,english,3,1.0,1.0,0.0,20
keyword,english,4,1.0,1.0,0.0,20
keyword,english,5,1.0,1.0,0.0,20
keyword,english,7,1.0,1.0,0.0,20
keyword,english,8,1.0,1.0,0.0,20
keyword,english,9,1.0,1.0,0.0,20
keyword,japanese,16,0.1,0.8,0.7000000000000001,20
keyword,japanese,14,0.15,0.8,0.65,20
keyword,japanese,15,0.2,0.8,0.6000000000000001,20
keyword,japanese,17,0.2,0.8,0.6000000000000001,20
keyword,japanese,19,0.25,0.8,0.55,20
keyword,japanese,21,0.25,0.8,0.55,20
keyword,japanese,22,0.25,0.8,0.55,20
keyword,japanese,12,0.3,0.8,0.5,20
keyword,japanese,18,0.35,0.8,0.45000000000000007,20
keyword,japanese,23,0.35,0.8,0.45000000000000007,20
keyword,japanese,20,0.45,0.8,0.35000000000000003,20
keyword,japanese,24,0.5,0.8,0.30000000000000004,20
keyword,japanese,11,0.6,0.8,0.20000000000000007,20
keyword,japanese,13,0.6,0.8,0.20000000000000007,20
keyword,japanese,26,0.6,0.8,0.20000000000000007,20
keyword,japanese,27,0.6,0.8,0.20000000000000007,20
keyword,japanese,28,0.6,0.8,0.20000000000000007,20
keyword,japanese,10,0.65,0.8,0.15000000000000002,20
keyword,japanese,25,0.65,0.8,0.15000000000000002,20
keyword,japanese,2,0.7,0.8,0.10000000000000009,20
keyword,japanese,6,0.7,0.8,0.10000000000000009,20
keyword,japanese,7,0.7,0.8,0.10000000000000009,20
keyword,japanese,1,0.75,0.8,0.050000000000000044,20
keyword,japanese,3,0.75,0.8,0.050000000000000044,20
keyword,japanese,4,0.75,0.8,0.050000000000000044,20
keyword,japanese,5,0.75,0.8,0.050000000000000044,20
keyword,japanese,8,0.75,0.8,0.050000000000000044,20
keyword,japanese,9,0.75,0.8,0.050000000000000044,20
keyword,spanish,21,0.0,1.0,1.0,20
keyword,spanish,20,0.15,1.0,0.85,20
keyword,spanish,19,0.2,1.0,0.8,20
keyword,spanish,15,0.3,1.0,0.7,20
keyword,spanish,16,0.3,1.0,0.7,20
keyword,spanish,22,0.3,1.0,0.7,20
keyword,spanish,17,0.4,1.0,0.6,20
keyword,spanish,14,0.45,1.0,0.55,20
keyword,spanish,18,0.45,1.0,0.55,20
keyword,spanish,12,0.65,1.0,0.35,20
keyword,spanish,23,0.8,1.0,0.19999999999999996,20
keyword,spanish,24,0.85,1.0,0.15000000000000002,20
keyword,spanish,6,0.85,1.0,0.15000000000000002,20
keyword,spanish,11,0.9,1.0,0.09999999999999998,20
keyword,spanish,13,0.9,1.0,0.09999999999999998,20
keyword,spanish,2,0.95,1.0,0.050000000000000044,20
keyword,spanish,25,0.95,1.0,0.050000000000000044,20
keyword,spanish,26,0.95,1.0,0.050000000000000044,20
keyword,spanish,8,0.95,1.0,0.050000000000000044,20
keyword,spanish,1,1.0,1.0,0.0,20
keyword,spanish,10,1.0,1.0,0.0,20
keyword,spanish,27,1.0,1.0,0.0,20
keyword,spanish,28,1.0,1.0,0.0,20
keyword,spanish,3,1.0,1.0,0.0,20
keyword,spanish,4,1.0,1.0,0.0,20
keyword,spanish,5,1.0,1.0,0.0,20
keyword,spanish,7,1.0,1.0,0.0,20
keyword,spanish,9,1.0,1.0,0.0,20
